"baseMean","log2FoldChange","lfcSE","stat","pvalue","padj","transcript","gene_symbol"
712.490526596663,-7.33860652082888,1.0198576041223,-7.19571682474688,6.21334623808905e-13,1.9730922082911e-09,"ENSMUST00000007449.9|ENSMUSG00000052131.8|OTTMUSG00000014785|OTTMUST00000035089.1|Akr1b7-201|Akr1b7|1281|protein_coding|","Akr1b7"
82.0712465886601,-2.95680903152959,0.572056354627838,-5.1687373238834,2.35680872014204e-07,0.000139138130808119,"ENSMUST00000139148.2|ENSMUSG00000004105.9|OTTMUSG00000012579|OTTMUST00000029973.1|Angptl2-202|Angptl2|2306|retained_intron|","Angptl2"
513.503777158184,-2.76298700566478,0.695021698834572,-3.9753967542277,7.02620211902641e-05,0.0138678753273295,"ENSMUST00000039388.3|ENSMUSG00000034936.3|OTTMUSG00000014383|OTTMUST00000034028.1|Arl4d-201|Arl4d|1382|protein_coding|","Arl4d"
576.012958795251,-0.653564743739792,0.178515143385517,-3.66111653804277,0.000251118495256665,0.0339508371716854,"ENSMUST00000216826.2|ENSMUSG00000002820.7|OTTMUSG00000063268|OTTMUST00000154099.1|Atg4d-203|Atg4d|2123|retained_intron|","Atg4d"
48.3290454923614,1.42062159937911,0.35794953738149,3.9687761849656,7.22426944383723e-05,0.014138015040862,"ENSMUST00000113306.4|ENSMUSG00000079445.4|OTTMUSG00000048090|OTTMUST00000123557.1|B3gnt7-201|B3gnt7|2582|protein_coding|","B3gnt7"
18.3563986844815,4.47552766822774,1.15905360054765,3.86136384556594,0.000112755841864165,0.0192948668140698,"ENSMUST00000238935.2|ENSMUSG00000098112.9|OTTMUSG00000043210|OTTMUST00000181914.1|Bin2-208|Bin2|1671|protein_coding|","Bin2"
32.8846189058257,8.53730947069185,2.14456630036326,3.98090255789515,6.86540905150966e-05,0.0137450547485497,"ENSMUST00000195834.2|ENSMUSG00000027559.6|OTTMUSG00000051086|OTTMUST00000129482.1|Car3-203|Car3|804|retained_intron|","Car3"
260.961987116165,1.89788073424629,0.392085093533978,4.84048173609491,1.29524760362333e-06,0.000591906840943925,"ENSMUST00000085786.7|ENSMUSG00000036526.9|OTTMUSG00000054841|OTTMUST00000135887.1|Card11-201|Card11|4107|protein_coding|","Card11"
46.7971873072575,6.15734484345844,1.28294138640083,4.7993968459715,1.5914417746306e-06,0.00067511437773611,"ENSMUST00000000342.3|ENSMUSG00000020676.3|OTTMUSG00000000860|OTTMUST00000001670.1|Ccl11-201|Ccl11|1082|protein_coding|","Ccl11"
44.2985427502917,3.39475866210018,0.713378872049623,4.75870367781798,1.94840222554166e-06,0.000793290846357894,"ENSMUST00000009329.3|ENSMUSG00000009185.3|OTTMUSG00000000929|OTTMUST00000001813.1|Ccl8-201|Ccl8|511|protein_coding|","Ccl8"
26.8325860373771,2.88784204872072,0.749649952648539,3.85225402671991,0.000117035517173558,0.0196010973490391,"ENSMUST00000029456.5|ENSMUSG00000027863.9|OTTMUSG00000007104|OTTMUST00000016418.1|Cd2-201|Cd2|1153|protein_coding|","Cd2"
159.274173943411,2.20068669579708,0.488907058675369,4.50123731442854,6.75590234460677e-06,0.00218545728630741,"ENSMUST00000000696.7|ENSMUSG00000000682.8|OTTMUSG00000010233|OTTMUST00000023776.1|Cd52-201|Cd52|514|protein_coding|","Cd52"
2351.60316101505,-2.21495671057784,0.542843064406497,-4.08028923239447,4.49796978233271e-05,0.0102132747198583,"ENSMUST00000032492.9|ENSMUSG00000030342.9|OTTMUSG00000022694|OTTMUST00000054430.1|Cd9-201|Cd9|1228|protein_coding|","Cd9"
23.4984067349263,-3.82765954065053,1.09060497512599,-3.50966631177192,0.000448669371513742,0.0499413197808982,"ENSMUST00000034443.7|ENSMUSG00000031962.7|OTTMUSG00000061871|OTTMUST00000150983.1|Cdh15-201|Cdh15|3251|protein_coding|","Cdh15"
102.197116712302,-2.78242919560994,0.706166119952196,-3.94019072424247,8.14168537332655e-05,0.0152589830314272,"ENSMUST00000023775.9|ENSMUSG00000023031.9|OTTMUSG00000071139|OTTMUST00000172121.1|Cela1-201|Cela1|1108|protein_coding|","Cela1"
238.888851707892,-0.965501344086336,0.259866059310135,-3.71538071054546,0.000202897970157096,0.0290385935309279,"ENSMUST00000212357.2|ENSMUSG00000036672.6|OTTMUSG00000062059|OTTMUST00000151514.1|Cenpt-203|Cenpt|3281|retained_intron|","Cenpt"
6.3753895168209,6.16469763267258,1.74365131163392,3.53551056426289,0.000406987971625236,0.0473528805276959,"ENSMUST00000237975.2|ENSMUSG00000073542.4|OTTMUSG00000074442|OTTMUST00000180662.1|Cep76-203|Cep76|323|protein_coding_CDS_not_defined|","Cep76"
19.8851793976651,-5.25200402875354,1.3471895343332,-3.89848933272263,9.67946640070599e-05,0.0171005515633819,"ENSMUST00000168260.2|ENSMUSG00000032578.8|OTTMUSG00000036835|OTTMUST00000094584.1|Cish-204|Cish|2742|protein_coding|","Cish"
238.804981828173,2.39222041902985,0.323889865645447,7.38590697878935,1.51417630345781e-13,6.31001800248031e-10,"ENSMUST00000004201.8|ENSMUSG00000004098.8|OTTMUSG00000022343|OTTMUST00000053292.1|Col5a3-201|Col5a3|6119|protein_coding|","Col5a3"
25.2296919922758,8.15640204433533,1.39391479790193,5.85143514984705,4.87349304260438e-09,4.54286501460874e-06,"ENSMUST00000231030.2|ENSMUSG00000023044.3|OTTMUSG00000071236|OTTMUST00000172406.1|Csad-222|Csad|888|protein_coding|","Csad"
15.4408215789474,7.44557027975121,2.09191550228737,3.55921177103471,0.000371969510834317,0.0443058909332923,"ENSMUST00000230000.2|ENSMUSG00000068086.7|OTTMUSG00000071003|OTTMUST00000171700.1|Cyp2d9-206|Cyp2d9|625|protein_coding|","Cyp2d9"
1278.8207205867,3.33558278681075,0.868780502725132,3.8393849497634,0.000123342911292989,0.0203685436075537,"ENSMUST00000029905.2|ENSMUSG00000028240.3|OTTMUSG00000004315|OTTMUST00000009776.1|Cyp7a1-201|Cyp7a1|4172|protein_coding|","Cyp7a1"
523.291258462689,-0.781685574329524,0.218627739850644,-3.57541808218635,0.000349668654174723,0.0422008963140615,"ENSMUST00000053218.7|ENSMUSG00000048826.8|OTTMUSG00000072204|OTTMUST00000174670.1|Dact2-201|Dact2|3250|protein_coding|","Dact2"
1168.87932430534,-3.87662534325397,0.867966013037151,-4.46633311100401,7.95716811678478e-06,0.00250541163584667,"ENSMUST00000063690.4|ENSMUSG00000027068.7|OTTMUSG00000012989|OTTMUST00000031297.1|Dhrs9-201|Dhrs9|4281|protein_coding|","Dhrs9"
92.7022585968247,-2.25407273035623,0.57271009782556,-3.93580057155338,8.29198110672092e-05,0.0154182968379143,"ENSMUST00000025025.7|ENSMUSG00000024190.8|OTTMUSG00000020083|OTTMUST00000047766.1|Dusp1-202|Dusp1|1990|protein_coding|","Dusp1"
12.1498705742061,7.10077414895517,1.68859125873884,4.20514681229521,2.60912736653211e-05,0.00658306409076796,"ENSMUST00000220291.2|ENSMUSG00000019960.9|OTTMUSG00000065348|OTTMUST00000159210.1|Dusp6-204|Dusp6|2359|protein_coding|","Dusp6"
482.612114951239,-3.36004963681306,0.902221553007618,-3.72419570959272,0.000195938884941423,0.0283866960425156,"ENSMUST00000036765.8|ENSMUSG00000090264.2|OTTMUSG00000033201|OTTMUST00000083114.1|Eif4ebp3-201|Eif4ebp3|744|protein_coding|","Eif4ebp3"
5364.716935422,-0.718718189110474,0.195370630688932,-3.67874222740681,0.000234387015881418,0.0323547941455348,"ENSMUST00000082059.7|ENSMUSG00000018166.9|OTTMUSG00000029881|OTTMUST00000074150.1|Erbb3-201|Erbb3|6016|protein_coding|","Erbb3"
131.575217940819,-1.29081760714863,0.367779205056976,-3.50976235034456,0.000448507360147148,0.0499413197808982,"ENSMUST00000057198.9|ENSMUSG00000050549.9|OTTMUSG00000052815|OTTMUST00000132190.1|Fam241a-201|Fam241a|1607|protein_coding|","Fam241a"
23.3027496623395,-2.45653029026402,0.696362336646813,-3.52766104797242,0.000419248636203912,0.0482163155571914,"ENSMUST00000230743.2|ENSMUSG00000003355.8|OTTMUSG00000070933|OTTMUST00000171479.1|Fkbp11-203|Fkbp11|1314|retained_intron|","Fkbp11"
82.1597911428275,3.42201666359906,0.873339979301166,3.91830987324926,8.91720248297424e-05,0.0160337637742088,"ENSMUST00000044380.8|ENSMUSG00000035451.8|OTTMUSG00000065491|OTTMUST00000159534.1|Foxa1-201|Foxa1|3191|protein_coding|","Foxa1"
25.2340829611916,-8.04207471481398,1.67625753662762,-4.79763672293067,1.60548617967998e-06,0.00067554793110491,"ENSMUST00000206857.2|ENSMUSG00000030406.8|OTTMUSG00000058589|OTTMUST00000143875.1|Gipr-203|Gipr|3182|retained_intron|","Gipr"
4695.55545250568,-0.370260573100991,0.101211886974008,-3.65827161384786,0.000253921870578394,0.0341993174890794,"ENSMUST00000086013.5|ENSMUSG00000121793.1|-|OTTMUST00000146000.1|ENSMUST00000086013|ENSMUSG00000121793|653|lncRNA|","Gm10175"
2293.11062300605,-0.653733260318576,0.141760372068211,-4.61153741896231,3.99701686911555e-06,0.00142293800540514,"ENSMUST00000196114.2|ENSMUSG00000106037.2|OTTMUSG00000054605|OTTMUST00000135358.1|Gm4332-201|Gm4332|346|processed_pseudogene|","Gm4332"
152.730077607616,-2.43216085279691,0.641239381032253,-3.79290624490603,0.000148894383842592,0.0232853724700763,"ENSMUST00000218646.2|ENSMUSG00000033318.8|OTTMUSG00000065091|OTTMUST00000158626.1|Gstt2-204|Gstt2|632|retained_intron|","Gstt2"
1890.1691137955,3.7427269786669,0.621486861512581,6.02221416162816,1.72047034697145e-09,1.84700162688663e-06,"ENSMUST00000040828.7|ENSMUSG00000073421.7|OTTMUSG00000037120|OTTMUST00000095573.1|H2-Ab1-201|H2-Ab1|1212|protein_coding|","H2-Ab1"
131.308019754619,2.57884944435091,0.655034791032964,3.93696560801628,8.25184279019337e-05,0.0153840408060121,"ENSMUST00000114232.4|ENSMUSG00000079547.5|OTTMUSG00000037116|OTTMUST00000095561.1|H2-DMb1-201|H2-DMb1|1404|protein_coding|","H2-DMb1"
223.901325550548,-1.14717162583777,0.32151038209506,-3.56807023885963,0.000359620111912854,0.0430353500141119,"ENSMUST00000225795.2|ENSMUSG00000044792.8|OTTMUSG00000029126|OTTMUST00000165486.1|Isca1-205|Isca1|3280|retained_intron|","Isca1"
2012.46182054288,-1.76497206302731,0.367158083072584,-4.8071175452738,1.53121969099552e-06,0.000653480287884857,"ENSMUST00000026886.8|ENSMUSG00000025780.8|OTTMUSG00000011192|OTTMUST00000026269.1|Itih5-201|Itih5|7900|protein_coding|","Itih5"
2065.9434884256,-1.01755784160579,0.280778162778656,-3.62406332292996,0.000290010551904331,0.0375603428502932,"ENSMUST00000107094.2|ENSMUSG00000052684.6|OTTMUSG00000008035|OTTMUST00000018173.1|Jun-201|Jun|3189|protein_coding|","Jun"
1119.10706443696,-1.01535080027049,0.229889355041378,-4.41669341361079,1.00222223718571e-05,0.00302133753919934,"ENSMUST00000095267.8|ENSMUSG00000071076.9|OTTMUSG00000061455|OTTMUST00000149975.1|Jund-201|Jund|1667|protein_coding|","Jund"
33.9005884497229,1.89276238817786,0.503833210772022,3.75672414543214,0.000172152080484168,0.0255680125572755,"ENSMUST00000032217.2|ENSMUSG00000030124.3|OTTMUSG00000024400|OTTMUST00000059814.1|Lag3-201|Lag3|2001|protein_coding|","Lag3"
21.9344201552205,1.95239190279141,0.542516978442782,3.59876645408494,0.000319730155080959,0.0401591045599034,"ENSMUST00000176988.8|ENSMUSG00000093445.8|OTTMUSG00000040073|OTTMUST00000104089.1|Lrch4-207|Lrch4|891|retained_intron|","Lrch4"
67.7652363822167,1.18089375842075,0.323451087596918,3.65091911483188,0.00026130352933289,0.0348409354096744,"ENSMUST00000033578.7|ENSMUSG00000031227.9|OTTMUSG00000018098|OTTMUST00000043687.1|Magee1-201|Magee1|3550|protein_coding|","Magee1"
261.076206420598,1.19278656138559,0.317044887217572,3.76220090427459,0.000168424666928592,0.0253869725614664,"ENSMUST00000021324.3|ENSMUSG00000020941.8|OTTMUSG00000003049|OTTMUST00000006259.1|Map3k14-201|Map3k14|4246|protein_coding|","Map3k14"
449.00941664453,-3.51016964702018,0.752868856178165,-4.66239188700017,3.12555291063177e-06,0.00116540352842525,"ENSMUST00000030677.7|ENSMUSG00000028862.7|OTTMUSG00000010479|OTTMUST00000024413.1|Map3k6-201|Map3k6|4334|protein_coding|","Map3k6"
49.8439392367597,2.47906250787136,0.580416975732854,4.27117505434987,1.94445696738121e-05,0.00521170638177518,"ENSMUST00000025719.5|ENSMUSG00000024806.5|OTTMUSG00000074032|OTTMUST00000179620.1|Mlana-201|Mlana|906|protein_coding|","Mlana"
189.712550856085,2.24889037884635,0.481164440756575,4.67384991149852,2.95605393467873e-06,0.00110803537009725,"ENSMUST00000034187.9|ENSMUSG00000031740.9|OTTMUSG00000061536|OTTMUST00000150112.1|Mmp2-201|Mmp2|3078|protein_coding|","Mmp2"
37.0440121907684,-7.62616887789379,1.98878187468299,-3.83459291085373,0.000125772424743187,0.0207214457174567,"ENSMUST00000165147.3|ENSMUSG00000066108.8|OTTMUSG00000047461|OTTMUST00000122520.1|Muc5b-201|Muc5b|14964|protein_coding|","Muc5b"
567.413557887337,6.60473989903499,1.39230187789842,4.74375564946043,2.0979188824653e-06,0.00083030706876744,"ENSMUST00000077719.4|ENSMUSG00000066153.3|OTTMUSG00000000231|OTTMUST00000000674.1|Mup21-201|Mup21|677|protein_coding|","Mup21"
267.608378983579,1.46273454030131,0.246535173522217,5.93316774804749,2.97144977373608e-09,2.88369024343231e-06,"ENSMUST00000036555.8|ENSMUSG00000033590.9|OTTMUSG00000062795|OTTMUST00000152925.1|Myo5c-201|Myo5c|6727|protein_coding|","Myo5c"
20.9969605497442,7.89183703632268,1.6011569104223,4.92883426037316,8.27217108141207e-07,0.00040696783895247,"ENSMUST00000006792.6|ENSMUSG00000062524.5|OTTMUSG00000027904|OTTMUST00000069117.1|Ncr1-201|Ncr1|1463|protein_coding|","Ncr1"
1056.87445702952,1.02980410998078,0.289332673897582,3.55923890692453,0.000371931083131807,0.0443058909332923,"ENSMUST00000022340.5|ENSMUSG00000021806.5|OTTMUSG00000068714|OTTMUST00000166037.1|Nid2-201|Nid2|4876|protein_coding|","Nid2"
51.4938005716984,-7.24574885368984,1.95711289336427,-3.7022641250063,0.000213683991750672,0.0302620821298366,"ENSMUST00000205233.2|ENSMUSG00000078817.5|OTTMUSG00000057710|OTTMUST00000141768.1|Nlrp12-202|Nlrp12|2742|retained_intron|","Nlrp12"
149.415156227117,-1.46640531150804,0.371810702761458,-3.9439566979029,8.01481364423055e-05,0.0151011026013795,"ENSMUST00000226588.2|ENSMUSG00000071547.5|OTTMUSG00000069150|OTTMUST00000167310.1|Nt5dc2-202|Nt5dc2|881|protein_coding|","Nt5dc2"
18.8891577452091,7.74047244224614,1.95155035082699,3.9663196181262,7.29909686605113e-05,0.0141875830365047,"ENSMUST00000214259.2|ENSMUSG00000090675.3|OTTMUSG00000037460|OTTMUST00000155991.1|Or5v1b-202|Or5v1b|2620|protein_coding|","Or5v1b"
53.3572222214138,-1.5624600696956,0.386581629641623,-4.04173387945014,5.30574264438438e-05,0.0114597570700844,"ENSMUST00000084501.4|ENSMUSG00000028370.8|OTTMUSG00000000318|OTTMUST00000005757.1|Pappa-201|Pappa|11027|protein_coding|","Pappa"
352.874648531178,-1.20288898336482,0.254639509843083,-4.72388980055009,2.31375826832947e-06,0.000904751610798352,"ENSMUST00000219829.2|ENSMUSG00000112129.2|OTTMUSG00000030876|OTTMUST00000158655.1|Pbld1-207|Pbld1|748|protein_coding|","Pbld1"
6.98143552706183,6.30290590356259,1.65274490537394,3.8135987490075,0.000136957765254956,0.0218527836074822,"ENSMUST00000192511.2|ENSMUSG00000103472.2|OTTMUSG00000050812|OTTMUST00000128763.1|Pcdhga7-201|Pcdhga7|4730|protein_coding|","Pcdhga7"
1025.41644121192,1.26791047883203,0.244461424003171,5.18654623731382,2.14229853905749e-07,0.000128617794661855,"ENSMUST00000043938.8|ENSMUSG00000038910.8|OTTMUSG00000072532|OTTMUST00000175509.1|Plcl2-201|Plcl2|4185|protein_coding|","Plcl2"
34.4907354629693,2.9945829742506,0.836009216866263,3.58199755916045,0.000340976979398953,0.0415768900663329,"ENSMUST00000114230.3|ENSMUSG00000096727.4|OTTMUSG00000036472|OTTMUST00000093462.1|Psmb9-201|Psmb9|2884|retained_intron|","Psmb9"
9.06100099111895,-6.56803671903873,1.78899737263992,-3.67135067914977,0.000241272024600589,0.03299744268495,"ENSMUST00000226431.2|ENSMUSG00000021832.9|OTTMUSG00000069492|OTTMUST00000168022.1|Psmc6-202|Psmc6|812|protein_coding_CDS_not_defined|","Psmc6"
44.5024143804304,8.97547673638471,1.71513345479441,5.23310691147389,1.66684263285983e-07,0.000102683303897671,"ENSMUST00000040368.3|ENSMUSG00000036368.9|OTTMUSG00000068730|OTTMUST00000166121.1|Rmdn2-201|Rmdn2|1802|protein_coding|","Rmdn2"
8114.49922342509,-0.479828904144966,0.116745807010013,-4.11003115601242,3.95605737039283e-05,0.00934209761160366,"ENSMUST00000080492.7|ENSMUSG00000057863.7|OTTMUSG00000072377|OTTMUST00000175039.1|Rpl36-201|Rpl36|383|protein_coding|","Rpl36"
6157.24018140069,-0.725262583536619,0.112893288791205,-6.42431973859834,1.32460522648434e-10,2.08534072589015e-07,"ENSMUST00000223428.3|ENSMUSG00000113061.2|OTTMUSG00000000655|OTTMUST00000001267.1|Rps18-ps5-201|Rps18-ps5|607|processed_pseudogene|","Rps18-ps5"
14924.8494776368,-0.488006263877122,0.103623346605269,-4.70942388819075,2.48417956207452e-06,0.000949619200143502,"ENSMUST00000074072.5|ENSMUSG00000069117.5|OTTMUSG00000067708|OTTMUST00000163834.1|Rps18-ps6-201|Rps18-ps6|561|protein_coding|","Rps18-ps6"
1480.07098589163,27.1556873443572,3.90679052007334,6.95089414311556,3.62978170347323e-12,8.57160850002857e-09,"ENSMUST00000076842.7|ENSMUSG00000091957.6|OTTMUSG00000046081|OTTMUST00000120318.1|Rps2-ps10-201|Rps2-ps10|879|transcribed_processed_pseudogene|","Rps2-ps10"
566.64172795591,2.8449236875765,0.743317045314164,3.82733546272182,0.000129537918173987,0.0211451250578755,"ENSMUST00000043915.4|ENSMUSG00000041567.4|OTTMUSG00000027616|OTTMUST00000068349.1|Serpina12-201|Serpina12|3690|protein_coding|","Serpina12"
942.297183061058,-0.747133856540837,0.201276800786293,-3.71197203861617,0.000205650710113139,0.0293141225498093,"ENSMUST00000237310.2|ENSMUSG00000025036.8|OTTMUSG00000074236|OTTMUST00000180150.1|Sfxn2-204|Sfxn2|5253|retained_intron|","Sfxn2"
3349.63029764418,-0.931578735501345,0.231264659139887,-4.02819323525716,5.62071385400792e-05,0.0118863836499504,"ENSMUST00000090246.5|ENSMUSG00000050931.8|OTTMUSG00000022630|OTTMUST00000054212.1|Sgms2-201|Sgms2|5801|protein_coding|","Sgms2"
52.8672312891701,3.41415216573573,0.847123672729279,4.03028775566612,5.57086118591399e-05,0.0118517144100568,"ENSMUST00000065679.8|ENSMUSG00000053318.8|OTTMUSG00000050153|OTTMUST00000127505.1|Slamf8-201|Slamf8|1659|protein_coding|","Slamf8"
711.448686158717,-1.11158955851719,0.295061759555982,-3.76731149502378,0.000165015054440699,0.0249772559083164,"ENSMUST00000022580.8|ENSMUSG00000022003.8|OTTMUSG00000069437|OTTMUST00000167878.1|Slc25a30-201|Slc25a30|3588|protein_coding|","Slc25a30"
128.385044624682,-1.95962072767889,0.373976767981594,-5.23995310793032,1.60617405739827e-07,9.981385519502e-05,"ENSMUST00000155986.2|ENSMUSG00000031633.5|OTTMUSG00000016487|OTTMUST00000039784.1|Slc25a4-202|Slc25a4|1275|retained_intron|","Slc25a4"
14.9310346573859,3.87961343856277,0.956808656859511,4.05474324542238,5.01893996463469e-05,0.0110766910546598,"ENSMUST00000001484.3|ENSMUSG00000001444.3|OTTMUSG00000002233|OTTMUST00000004472.1|Tbx21-201|Tbx21|2488|protein_coding|","Tbx21"
81.8521214050514,2.19860777752619,0.517871761089233,4.24546759008811,2.18138039236149e-05,0.00572361898209101,"ENSMUST00000114840.2|ENSMUSG00000032011.6|OTTMUSG00000016734|OTTMUST00000040558.1|Thy1-201|Thy1|1735|protein_coding|","Thy1"
918.966536655134,-1.21721793285294,0.324941082147977,-3.74596503712825,0.000179701619745348,0.0264673213081901,"ENSMUST00000037998.6|ENSMUSG00000041779.6|OTTMUSG00000026556|OTTMUST00000065709.1|Tram2-201|Tram2|6492|protein_coding|","Tram2"
52.3957431901634,3.29677994914114,0.731596389347581,4.50628242176143,6.59732664004771e-06,0.00215382953220065,"ENSMUST00000103299.3|ENSMUSG00000076498.3|OTTMUSG00000051369|OTTMUST00000129901.1|Trbc2-201|Trbc2|692|TR_C_gene|","Trbc2"
200.266761850549,-1.47744653894493,0.343984880882675,-4.29509150272464,1.74621297515739e-05,0.00478450078167842,"ENSMUST00000075774.5|ENSMUSG00000045136.7|OTTMUSG00000067474|OTTMUST00000163347.1|Tubb2b-201|Tubb2b|2182|protein_coding|","Tubb2b"
1892.8834100666,-1.0102027778788,0.1711450315468,-5.90261235601549,3.57790286670655e-09,3.38618364494597e-06,"ENSMUST00000033074.8|ENSMUSG00000096145.3|OTTMUSG00000031112|OTTMUST00000077081.1|Vkorc1-201|Vkorc1|748|protein_coding|","Vkorc1"
24.8946357132047,2.44964827289103,0.692887982843067,3.53541746075549,0.000407131412495407,0.0473528805276959,"ENSMUST00000232807.2|ENSMUSG00000094145.3|OTTMUSG00000040017|OTTMUST00000175395.1|Vmn2r20-202|Vmn2r20|15552|nonsense_mediated_decay|","Vmn2r20"
15.5011679593858,7.45144040289425,1.53773673559741,4.84571918612541,1.26153847845652e-06,0.000584133542273032,"ENSMUST00000218570.2|ENSMUSG00000034560.7|OTTMUSG00000064863|OTTMUST00000157957.1|Washc4-203|Washc4|636|retained_intron|","Washc4"
197.63065319735,1.05099218892652,0.260252215811036,4.03836019474904,5.38261581106475e-05,0.0115904569762636,"ENSMUST00000015486.7|ENSMUSG00000015342.7|OTTMUSG00000016888|OTTMUST00000040989.1|Xk-201|Xk|5076|protein_coding|","Xk"
12.1126516601814,4.17799734897123,1.16724931575836,3.57935300759359,0.000344445926571985,0.0417295619432992,"ENSMUST00000117638.2|ENSMUSG00000062518.8|OTTMUSG00000010681|OTTMUST00000024918.1|Zfp534-201|Zfp534|2885|protein_coding|","Zfp534"
374.687448461267,0.959173615133898,0.264588985539926,3.62514566952432,0.000288798618307077,0.0374718851929424,"ENSMUST00000092298.6|ENSMUSG00000039238.7|OTTMUSG00000004675|OTTMUST00000010542.1|Zfp750-201|Zfp750|3232|protein_coding|","Zfp750"
