"query","significant","p_value","term_size","query_size","intersection_size","precision","recall","term_id","source","term_name","effective_domain_size","source_order","parents"
"query_1",TRUE,0.0110854432381878,2,2,1,0.5,0.5,"CORUM:454","CORUM","MKP3-CK2alpha complex",1082,71,"CORUM:0000000"
"query_1",TRUE,0.0165973862087719,6,2,1,0.5,0.166666666666667,"CORUM:2836","CORUM","Profilin 1 complex",1082,282,"CORUM:0000000"
"query_1",TRUE,0.00540570217341288,1305,71,15,0.211267605633803,0.0114942528735632,"GO:0007155","GO:BP","cell adhesion",24936,2585,"GO:0009987"
"query_1",TRUE,0.00803867724549356,261,71,7,0.0985915492957746,0.0268199233716475,"GO:0007162","GO:BP","negative regulation of cell adhesion",24936,2592,"GO:0007155;GO:0030155;GO:0048523"
"query_1",TRUE,0.0144887389445993,693,71,10,0.140845070422535,0.0144300144300144,"GO:0030155","GO:BP","regulation of cell adhesion",24936,6253,"GO:0007155;GO:0050794"
"query_1",TRUE,0.0179595334375905,2766,71,20,0.28169014084507,0.00723065798987708,"GO:0051239","GO:BP","regulation of multicellular organismal process",24936,12691,"GO:0032501;GO:0050789"
"query_1",TRUE,0.0179595334375905,332,71,7,0.0985915492957746,0.0210843373493976,"GO:0050900","GO:BP","leukocyte migration",24936,12479,"GO:0002376;GO:0016477"
"query_1",TRUE,0.0179595334375905,2557,71,19,0.267605633802817,0.00743058271411811,"GO:0002376","GO:BP","immune system process",24936,867,"GO:0008150"
"query_1",TRUE,0.0179595334375905,2346,71,18,0.253521126760563,0.00767263427109974,"GO:0009605","GO:BP","response to external stimulus",24936,3376,"GO:0050896"
"query_1",TRUE,0.0392809432625973,185,71,5,0.0704225352112676,0.027027027027027,"GO:0071674","GO:BP","mononuclear cell migration",24936,15706,"GO:0050900"
"query_1",TRUE,0.0264053913576106,6,76,2,0.0263157894736842,0.333333333333333,"GO:0035976","GO:CC","transcription factor AP-1 complex",25413,1621,"GO:0090575"
"query_1",TRUE,0.0304102903843781,22103,76,75,0.986842105263158,0.00339320454236981,"GO:0110165","GO:CC","cellular anatomical structure",25413,3366,"GO:0005575"
"query_1",TRUE,0.0319615901423828,11,76,2,0.0263157894736842,0.181818181818182,"GO:0042613","GO:CC","MHC class II protein complex",25413,1775,"GO:0042611"
"query_1",TRUE,0.0281423717691786,2,24,2,0.0833333333333333,1,"HP:0500271","HP","Decreased gamma-delta T cell proportion",5328,18103,"HP:0500269"
"query_1",TRUE,0.0115160535018581,25,45,3,0.0666666666666667,0.12,"KEGG:05310","KEGG","Asthma",10539,497,"KEGG:00000"
"query_1",TRUE,0.0115160535018581,62,45,4,0.0888888888888889,0.0645161290322581,"KEGG:05321","KEGG","Inflammatory bowel disease",10539,499,"KEGG:00000"
"query_1",TRUE,0.0121489182468182,299,45,7,0.155555555555556,0.0234113712374582,"KEGG:04010","KEGG","MAPK signaling pathway",10539,250,"KEGG:00000"
"query_1",TRUE,0.0167317826613897,93,45,4,0.0888888888888889,0.043010752688172,"KEGG:04640","KEGG","Hematopoietic cell lineage",10539,346,"KEGG:00000"
"query_1",TRUE,0.0167317826613897,43,45,3,0.0666666666666667,0.0697674418604651,"KEGG:04672","KEGG","Intestinal immune network for IgA production",10539,357,"KEGG:00000"
"query_1",TRUE,0.0167317826613897,97,45,4,0.0888888888888889,0.0412371134020619,"KEGG:04657","KEGG","IL-17 signaling pathway",10539,348,"KEGG:00000"
"query_1",TRUE,0.0167317826613897,88,45,4,0.0888888888888889,0.0454545454545455,"KEGG:04658","KEGG","Th1 and Th2 cell differentiation",10539,349,"KEGG:00000"
"query_1",TRUE,0.0186083656195365,105,45,4,0.0888888888888889,0.0380952380952381,"KEGG:04659","KEGG","Th17 cell differentiation",10539,350,"KEGG:00000"
"query_1",TRUE,0.0422339662774787,225,45,5,0.111111111111111,0.0222222222222222,"KEGG:05169","KEGG","Epstein-Barr virus infection",10539,466,"KEGG:00000"
"query_1",TRUE,0.0441189681772996,147,45,4,0.0888888888888889,0.0272108843537415,"KEGG:05418","KEGG","Fluid shear stress and atherosclerosis",10539,511,"KEGG:00000"
"query_1",TRUE,0.0441189681772996,243,45,5,0.111111111111111,0.0205761316872428,"KEGG:05166","KEGG","Human T-cell leukemia virus 1 infection",10539,463,"KEGG:00000"
"query_1",TRUE,0.0441189681772996,70,45,3,0.0666666666666667,0.0428571428571429,"KEGG:05140","KEGG","Leishmaniasis",10539,449,"KEGG:00000"
"query_1",TRUE,0.0162981400672061,159,28,6,0.214285714285714,0.0377358490566038,"WP:WP493","WP","Mapk signaling pathway",4801,175,"WP:000000"
